<?xml version="1.0" encoding="UTF-8"?>
<config xmlns="http://www.knime.org/2008/09/XMLConfig" xmlns:xsi="http://www.w3.org/2001/XMLSchema-instance" xsi:schemaLocation="http://www.knime.org/2008/09/XMLConfig http://www.knime.org/XMLConfig_2008_09.xsd" key="model.xml">
    <entry key="version" type="xint" value="1"/>
    <entry key="class_name" type="xstring" value="org.knime.base.algorithms.outlier.NumericOutliersPortObject"/>
    <config key="model">
        <entry key="summary" type="xstring" value="Outlier treatment for columns: &quot;ALB&quot;, &quot;ALP&quot;, &quot;ALT&quot;,  ... &lt;7 more&gt;"/>
        <config key="group-col-types">
            <entry key="array-size" type="xint" value="0"/>
        </config>
        <config key="outlier-treatment">
            <entry key="outlier-treatment" type="xstring" value="Replace outlier values"/>
            <entry key="replacement-strategy" type="xstring" value="Closest permitted value"/>
            <entry key="detection-option" type="xstring" value="All outliers"/>
            <entry key="update-domain" type="xboolean" value="false"/>
        </config>
        <config key="permitted intervals">
            <config key="groups">
                <entry key="array-size" type="xint" value="0"/>
            </config>
            <config key="outliers">
                <entry key="array-size" type="xint" value="10"/>
                <entry key="0" type="xstring" value="ALB"/>
                <entry key="1" type="xstring" value="ALP"/>
                <entry key="2" type="xstring" value="ALT"/>
                <entry key="3" type="xstring" value="AST"/>
                <entry key="4" type="xstring" value="BIL"/>
                <entry key="5" type="xstring" value="CHE"/>
                <entry key="6" type="xstring" value="CHOL"/>
                <entry key="7" type="xstring" value="CREA"/>
                <entry key="8" type="xstring" value="GGT"/>
                <entry key="9" type="xstring" value="PROT"/>
            </config>
            <config key="data">
                <config key="row0">
                    <config key="key">
                        <config key="group-key">
                            <entry key="array-size" type="xint" value="0"/>
                        </config>
                    </config>
                    <config key="interval-columns">
                        <config key="interval0">
                            <entry key="outlier" type="xstring" value="CHE"/>
                            <config key="interval">
                                <entry key="array-size" type="xint" value="2"/>
                                <entry key="0" type="xdouble" value="2.9774999999999974"/>
                                <entry key="1" type="xdouble" value="13.517500000000004"/>
                            </config>
                        </config>
                        <config key="interval1">
                            <entry key="outlier" type="xstring" value="AST"/>
                            <config key="interval">
                                <entry key="array-size" type="xint" value="2"/>
                                <entry key="0" type="xdouble" value="6.012499999999994"/>
                                <entry key="1" type="xdouble" value="47.112500000000004"/>
                            </config>
                        </config>
                        <config key="interval2">
                            <entry key="outlier" type="xstring" value="PROT"/>
                            <config key="interval">
                                <entry key="array-size" type="xint" value="2"/>
                                <entry key="0" type="xdouble" value="60.26249999999998"/>
                                <entry key="1" type="xdouble" value="84.16250000000002"/>
                            </config>
                        </config>
                        <config key="interval3">
                            <entry key="outlier" type="xstring" value="BIL"/>
                            <config key="interval">
                                <entry key="array-size" type="xint" value="2"/>
                                <entry key="0" type="xdouble" value="-3.499999999999999"/>
                                <entry key="1" type="xdouble" value="19.7"/>
                            </config>
                        </config>
                        <config key="interval4">
                            <entry key="outlier" type="xstring" value="CREA"/>
                            <config key="interval">
                                <entry key="array-size" type="xint" value="2"/>
                                <entry key="0" type="xdouble" value="36.5"/>
                                <entry key="1" type="xdouble" value="120.5"/>
                            </config>
                        </config>
                        <config key="interval5">
                            <entry key="outlier" type="xstring" value="ALP"/>
                            <config key="interval">
                                <entry key="array-size" type="xint" value="2"/>
                                <entry key="0" type="xdouble" value="11.512499999999996"/>
                                <entry key="1" type="xdouble" value="120.8125"/>
                            </config>
                        </config>
                        <config key="interval6">
                            <entry key="outlier" type="xstring" value="GGT"/>
                            <config key="interval">
                                <entry key="array-size" type="xint" value="2"/>
                                <entry key="0" type="xdouble" value="-17.662499999999998"/>
                                <entry key="1" type="xdouble" value="70.63749999999999"/>
                            </config>
                        </config>
                        <config key="interval7">
                            <entry key="outlier" type="xstring" value="ALB"/>
                            <config key="interval">
                                <entry key="array-size" type="xint" value="2"/>
                                <entry key="0" type="xdouble" value="29.34999999999999"/>
                                <entry key="1" type="xdouble" value="54.55000000000001"/>
                            </config>
                        </config>
                        <config key="interval8">
                            <entry key="outlier" type="xstring" value="ALT"/>
                            <config key="interval">
                                <entry key="array-size" type="xint" value="2"/>
                                <entry key="0" type="xdouble" value="-7.037499999999998"/>
                                <entry key="1" type="xdouble" value="55.262499999999996"/>
                            </config>
                        </config>
                        <config key="interval9">
                            <entry key="outlier" type="xstring" value="CHOL"/>
                            <config key="interval">
                                <entry key="array-size" type="xint" value="2"/>
                                <entry key="0" type="xdouble" value="2.43"/>
                                <entry key="1" type="xdouble" value="8.27"/>
                            </config>
                        </config>
                    </config>
                </config>
            </config>
        </config>
    </config>
</config>
